<?xml version="1.0" encoding="UTF-8"?>
<project-private xmlns="http://www.netbeans.org/ns/project-private/1">
    <editor-bookmarks xmlns="http://www.netbeans.org/ns/editor-bookmarks/2" lastBookmarkId="0"/>
    <open-files xmlns="http://www.netbeans.org/ns/projectui-open-files/2">
        <group>
            <file>file:/C:/Users/Aluno/Documents/Raike/App%20assistencia%20pra%20aula/AppAssistencia/src/DAL/OperAtualizaDadosBD.java</file>
            <file>file:/C:/Users/Aluno/Documents/Raike/App%20assistencia%20pra%20aula/AppAssistencia/src/View/TelaNovoCliente.java</file>
            <file>file:/C:/Users/Aluno/Documents/Raike/App%20assistencia%20pra%20aula/AppAssistencia/src/View/TelaOrdemServico.java</file>
            <file>file:/C:/Users/Aluno/Documents/Raike/App%20assistencia%20pra%20aula/AppAssistencia/src/Model/OrdServModel.java</file>
            <file>file:/C:/Users/Aluno/Documents/Raike/App%20assistencia%20pra%20aula/AppAssistencia/src/View/TelaAtualizaUsuario.java</file>
            <file>file:/C:/Users/Aluno/Documents/Raike/App%20assistencia%20pra%20aula/AppAssistencia/src/Controller/OrdServController.java</file>
            <file>file:/C:/Users/Aluno/Documents/Raike/App%20assistencia%20pra%20aula/AppAssistencia/src/View/TelaAtualizaCliente.java</file>
            <file>file:/C:/Users/Aluno/Documents/Raike/App%20assistencia%20pra%20aula/AppAssistencia/src/DAL/OperInsereRegistroBD.java</file>
            <file>file:/C:/Users/Aluno/Documents/Raike/App%20assistencia%20pra%20aula/AppAssistencia/src/Model/UsuarioModel.java</file>
            <file>file:/C:/Users/Aluno/Documents/Raike/App%20assistencia%20pra%20aula/AppAssistencia/src/Controller/UsuarioController.java</file>
            <file>file:/C:/Users/Aluno/Documents/Raike/App%20assistencia%20pra%20aula/AppAssistencia/src/View/TelaNovoUsuario.java</file>
            <file>file:/C:/Users/Aluno/Documents/Raike/App%20assistencia%20pra%20aula/AppAssistencia/src/DAL/OperTesteOrdemServ.java</file>
        </group>
    </open-files>
</project-private>
